customer_id,first_name,last_name,email,address,city,country,active
218,VERA,MCCOY,VERA.MCCOY@sakilacustomer.org,1168 Najafabad Parkway,Kabul,Afghanistan,1
441,MARIO,CHEATHAM,MARIO.CHEATHAM@sakilacustomer.org,1924 Shimonoseki Drive,Batna,Algeria,1
69,JUDY,GRAY,JUDY.GRAY@sakilacustomer.org,1031 Daugavpils Parkway,Béchar,Algeria,1
176,JUNE,CARROLL,JUNE.CARROLL@sakilacustomer.org,757 Rustenburg Avenue,Skikda,Algeria,1
320,ANTHONY,SCHWAB,ANTHONY.SCHWAB@sakilacustomer.org,1892 Nabereznyje Tšelny Lane,Tafuna,American Samoa,1
528,CLAUDE,HERZOG,CLAUDE.HERZOG@sakilacustomer.org,486 Ondo Parkway,Benguela,Angola,1
383,MARTIN,BALES,MARTIN.BALES@sakilacustomer.org,368 Huánuco Boulevard,Namibe,Angola,1
381,BOBBY,BOUDREAU,BOBBY.BOUDREAU@sakilacustomer.org,1368 Maracaíbo Boulevard,South Hill,Anguilla,1
359,WILLIE,MARKHAM,WILLIE.MARKHAM@sakilacustomer.org,1623 Kingstown Drive,Almirante Brown,Argentina,1
560,JORDAN,ARCHULETA,JORDAN.ARCHULETA@sakilacustomer.org,1229 Varanasi (Benares) Manor,Avellaneda,Argentina,1
322,JASON,MORRISSEY,JASON.MORRISSEY@sakilacustomer.org,1427 A Coruña (La Coruña) Place,Bahía Blanca,Argentina,1
24,KIMBERLY,LEE,KIMBERLY.LEE@sakilacustomer.org,96 Tafuna Way,Córdoba,Argentina,1
445,MICHEAL,FORMAN,MICHEAL.FORMAN@sakilacustomer.org,203 Tambaram Street,Escobar,Argentina,1
530,DARRYL,ASHCRAFT,DARRYL.ASHCRAFT@sakilacustomer.org,166 Jinchang Street,Ezeiza,Argentina,1
89,JULIA,FLORES,JULIA.FLORES@sakilacustomer.org,1926 El Alto Avenue,La Plata,Argentina,1
107,FLORENCE,WOODS,FLORENCE.WOODS@sakilacustomer.org,1532 Dzerzinsk Way,Merlo,Argentina,1
585,PERRY,SWAFFORD,PERRY.SWAFFORD@sakilacustomer.org,773 Dallas Manor,Quilmes,Argentina,1
243,LYDIA,BURKE,LYDIA.BURKE@sakilacustomer.org,1483 Pathankot Street,San Miguel de Tucumán,Argentina,1
331,ERIC,ROBERT,ERIC.ROBERT@sakilacustomer.org,430 Kumbakonam Drive,Santa Fé,Argentina,1
405,LEONARD,SCHOFIELD,LEONARD.SCHOFIELD@sakilacustomer.org,88 Nagaon Manor,Tandil,Argentina,1
219,WILLIE,HOWELL,WILLIE.HOWELL@sakilacustomer.org,1244 Allappuzha (Alleppey) Place,Vicente López,Argentina,1
41,STEPHANIE,MITCHELL,STEPHANIE.MITCHELL@sakilacustomer.org,42 Brindisi Place,Yerevan,Armenia,1
173,AUDREY,RAY,AUDREY.RAY@sakilacustomer.org,1010 Klerksdorp Way,Graz,Austria,1
159,JILL,HAWKINS,JILL.HAWKINS@sakilacustomer.org,1440 Compton Place,Linz,Austria,1
266,NORA,HERRERA,NORA.HERRERA@sakilacustomer.org,1587 Loja Manor,Salzburg,Austria,1
333,ANDREW,PURDY,ANDREW.PURDY@sakilacustomer.org,431 Székesfehérvár Avenue,Baku,Azerbaijan,1
334,RAYMOND,MCWHORTER,RAYMOND.MCWHORTER@sakilacustomer.org,503 Sogamoso Loop,Sumqayit,Azerbaijan,1
590,SETH,HANNON,SETH.HANNON@sakilacustomer.org,1759 Niznekamsk Avenue,al-Manama,Bahrain,1
332,STEPHEN,QUALLS,STEPHEN.QUALLS@sakilacustomer.org,1838 Tabriz Lane,Dhaka,Bangladesh,1
329,FRANK,WAGGONER,FRANK.WAGGONER@sakilacustomer.org,1816 Bydgoszcz Loop,Jamalpur,Bangladesh,1
21,MICHELLE,CLARK,MICHELLE.CLARK@sakilacustomer.org,262 A Coruña (La Coruña) Parkway,Tangail,Bangladesh,1
527,CORY,MEEHAN,CORY.MEEHAN@sakilacustomer.org,556 Asunción Way,Mogiljov,Belarus,1
144,CLARA,SHAW,CLARA.SHAW@sakilacustomer.org,1027 Songkhla Manor,Molodetšno,Belarus,1
455,JON,WILES,JON.WILES@sakilacustomer.org,659 Gatineau Boulevard,El Alto,Bolivia,1
431,JOEL,FRANCISCO,JOEL.FRANCISCO@sakilacustomer.org,287 Cuautla Boulevard,Sucre,Bolivia,1
551,CLAYTON,BARBEE,CLAYTON.BARBEE@sakilacustomer.org,1407 Pachuca de Soto Place,Alvorada,Brazil,1
307,JOSEPH,JOY,JOSEPH.JOY@sakilacustomer.org,1354 Siegen Street,Angra dos Reis,Brazil,1
229,TAMARA,NGUYEN,TAMARA.NGUYEN@sakilacustomer.org,356 Olomouc Manor,Anápolis,Brazil,1
216,NATALIE,MEYER,NATALIE.MEYER@sakilacustomer.org,1201 Qomsheh Manor,Aparecida de Goiânia,Brazil,1
77,JANE,BENNETT,JANE.BENNETT@sakilacustomer.org,1692 Ede Loop,Araçatuba,Brazil,1
398,ANTONIO,MEEK,ANTONIO.MEEK@sakilacustomer.org,1190 0 Place,Bagé,Brazil,1
362,NICHOLAS,BARFIELD,NICHOLAS.BARFIELD@sakilacustomer.org,1163 London Parkway,Belém,Brazil,1
206,TERRI,VASQUEZ,TERRI.VASQUEZ@sakilacustomer.org,1304 ´s-Hertogenbosch Way,Blumenau,Brazil,1
342,HAROLD,MARTINO,HAROLD.MARTINO@sakilacustomer.org,1293 Nam Dinh Way,Boa Vista,Brazil,1
325,TIMOTHY,BUNN,TIMOTHY.BUNN@sakilacustomer.org,981 Kumbakonam Place,Brasília,Brazil,1
92,TINA,SIMMONS,TINA.SIMMONS@sakilacustomer.org,984 Effon-Alaiye Avenue,Goiânia,Brazil,1
427,JESUS,MCCARTNEY,JESUS.MCCARTNEY@sakilacustomer.org,259 Ipoh Drive,Guarujá,Brazil,1
130,CHARLOTTE,HUNTER,CHARLOTTE.HUNTER@sakilacustomer.org,758 Junan Lane,Águas Lindas de Goiás,Brazil,1
310,DANIEL,CABRAL,DANIEL.CABRAL@sakilacustomer.org,543 Bergamo Avenue,Ibirité,Brazil,1
47,FRANCES,PARKER,FRANCES.PARKER@sakilacustomer.org,686 Garland Manor,Juazeiro do Norte,Brazil,1
591,KENT,ARSENAULT,KENT.ARSENAULT@sakilacustomer.org,32 Liaocheng Way,Juiz de Fora,Brazil,1
183,IDA,ANDREWS,IDA.ANDREWS@sakilacustomer.org,1839 Székesfehérvár Parkway,Luziânia,Brazil,1
246,MARIAN,MENDOZA,MARIAN.MENDOZA@sakilacustomer.org,829 Grand Prairie Way,Maringá,Brazil,1
126,ELLEN,SIMPSON,ELLEN.SIMPSON@sakilacustomer.org,1666 Qomsheh Drive,Poá,Brazil,1
254,MAXINE,SILVA,MAXINE.SILVA@sakilacustomer.org,1338 Zalantun Lane,Poços de Caldas,Brazil,1
74,DENISE,KELLY,DENISE.KELLY@sakilacustomer.org,1206 Dos Quebradas Place,Rio Claro,Brazil,1
178,MARION,SNYDER,MARION.SNYDER@sakilacustomer.org,1891 Rizhao Boulevard,Santa Bárbara d´Oeste,Brazil,1
354,JUSTIN,NGO,JUSTIN.NGO@sakilacustomer.org,519 Nyeri Manor,Santo André,Brazil,1
544,CODY,NOLEN,CODY.NOLEN@sakilacustomer.org,1715 Okayama Street,São Bernardo do Campo,Brazil,1
443,FRANCISCO,SKIDMORE,FRANCISCO.SKIDMORE@sakilacustomer.org,614 Denizli Parkway,São Leopoldo,Brazil,1
314,GEORGE,LINTON,GEORGE.LINTON@sakilacustomer.org,1957 Yantai Lane,Sorocaba,Brazil,1
39,DEBRA,NELSON,DEBRA.NELSON@sakilacustomer.org,306 Antofagasta Place,Vila Velha,Brazil,1
374,JEREMY,HURTADO,JEREMY.HURTADO@sakilacustomer.org,1133 Rizhao Avenue,Vitória de Santo Antão,Brazil,1
91,LOIS,BUTLER,LOIS.BUTLER@sakilacustomer.org,1370 Le Mans Avenue,Bandar Seri Begawan,Brunei,1
540,TYRONE,ASHER,TYRONE.ASHER@sakilacustomer.org,191 José Azueta Parkway,Ruse,Bulgaria,1
215,JESSIE,BANKS,JESSIE.BANKS@sakilacustomer.org,1229 Valencia Parkway,Stara Zagora,Bulgaria,1
516,ELMER,NOE,ELMER.NOE@sakilacustomer.org,1768 Udine Loop,Battambang,Cambodia,1
228,ALLISON,STANLEY,ALLISON.STANLEY@sakilacustomer.org,754 Valencia Place,Phnom Penh,Cambodia,1
352,ALBERT,CROUSE,ALBERT.CROUSE@sakilacustomer.org,1641 Changhwa Place,Bamenda,Cameroon,1
361,LAWRENCE,LAWTON,LAWRENCE.LAWTON@sakilacustomer.org,114 Jalib al-Shuyukh Manor,Yaoundé,Cameroon,1
476,DERRICK,BOURQUE,DERRICK.BOURQUE@sakilacustomer.org,1153 Allende Way,Gatineau,Canada,1
463,DARRELL,POWER,DARRELL.POWER@sakilacustomer.org,1844 Usak Avenue,Halifax,Canada,1
189,LORETTA,CARPENTER,LORETTA.CARPENTER@sakilacustomer.org,891 Novi Sad Manor,Oshawa,Canada,1
410,CURTIS,IRBY,CURTIS.IRBY@sakilacustomer.org,432 Garden Grove Street,Richmond Hill,Canada,1
436,TROY,QUIGLEY,TROY.QUIGLEY@sakilacustomer.org,983 Santa Fé Way,Vancouver,Canada,1
535,JAVIER,ELROD,JAVIER.ELROD@sakilacustomer.org,195 Ilorin Street,NDjamna,Chad,1
45,JANET,PHILLIPS,JANET.PHILLIPS@sakilacustomer.org,1718 Valencia Street,Antofagasta,Chile,1
515,ANDRE,RAPP,ANDRE.RAPP@sakilacustomer.org,568 Dhule (Dhulia) Loop,Coquimbo,Chile,1
464,JEROME,KENYON,JEROME.KENYON@sakilacustomer.org,1872 Toulon Loop,Rancagua,Chile,1
538,TED,BREAUX,TED.BREAUX@sakilacustomer.org,183 Haiphong Street,Baicheng,China,1
495,CHARLIE,BESS,CHARLIE.BESS@sakilacustomer.org,362 Rajkot Lane,Baiyin,China,1
533,JESSIE,MILAM,JESSIE.MILAM@sakilacustomer.org,1332 Gaziantep Lane,Binzhou,China,1
197,SUE,PETERS,SUE.PETERS@sakilacustomer.org,817 Bradford Loop,Changzhou,China,1
260,CHRISTY,VARGAS,CHRISTY.VARGAS@sakilacustomer.org,1158 Mandi Bahauddin Parkway,Datong,China,1
64,JUDITH,COX,JUDITH.COX@sakilacustomer.org,1966 Amroha Avenue,Daxian,China,0
466,LEO,EBERT,LEO.EBERT@sakilacustomer.org,1322 Mosul Parkway,Dongying,China,1
389,ALAN,KAHN,ALAN.KAHN@sakilacustomer.org,753 Ilorin Avenue,Emeishan,China,1
110,TIFFANY,JORDAN,TIFFANY.JORDAN@sakilacustomer.org,804 Elista Drive,Enshi,China,1
313,DONALD,MAHON,DONALD.MAHON@sakilacustomer.org,1774 Yaoundé Place,Ezhou,China,1
211,STACEY,MONTGOMERY,STACEY.MONTGOMERY@sakilacustomer.org,1333 Haldia Street,Fuyu,China,1
281,LEONA,OBRIEN,LEONA.OBRIEN@sakilacustomer.org,1308 Sumy Loop,Fuzhou,China,1
552,HUGH,WALDROP,HUGH.WALDROP@sakilacustomer.org,904 Clarksville Drive,Haining,China,1
165,LORRAINE,STEPHENS,LORRAINE.STEPHENS@sakilacustomer.org,154 Tallahassee Loop,Hami,China,1
138,HAZEL,WARREN,HAZEL.WARREN@sakilacustomer.org,1587 Sullana Lane,Hohhot,China,1
384,ERNEST,STEPP,ERNEST.STEPP@sakilacustomer.org,500 Lincoln Parkway,Huai´an,China,1
168,REGINA,BERRY,REGINA.BERRY@sakilacustomer.org,475 Atšinsk Way,Jinchang,China,1
594,EDUARDO,HIATT,EDUARDO.HIATT@sakilacustomer.org,1837 Kaduna Parkway,Jining,China,1
595,TERRENCE,GUNDERSON,TERRENCE.GUNDERSON@sakilacustomer.org,844 Bucuresti Place,Jinzhou,China,1
435,RICKY,SHELBY,RICKY.SHELBY@sakilacustomer.org,722 Bradford Lane,Junan,China,1
283,FELICIA,SUTTON,FELICIA.SUTTON@sakilacustomer.org,226 Halifax Street,Korla,China,1
151,MEGAN,PALMER,MEGAN.PALMER@sakilacustomer.org,1560 Jelets Boulevard,Laiwu,China,1
422,MELVIN,ELLINGTON,MELVIN.ELLINGTON@sakilacustomer.org,1557 Cape Coral Parkway,Laohekou,China,1
267,MARGIE,WADE,MARGIE.WADE@sakilacustomer.org,1762 Paarl Parkway,Lengshuijiang,China,1
569,DAVE,GARDINER,DAVE.GARDINER@sakilacustomer.org,1052 Pathankot Avenue,Leshan,China,1
129,CARRIE,PORTER,CARRIE.PORTER@sakilacustomer.org,1854 Tieli Street,Liaocheng,China,1
90,RUBY,WASHINGTON,RUBY.WASHINGTON@sakilacustomer.org,1952 Chatsworth Drive,Meixian,China,1
37,PAMELA,BAKER,PAMELA.BAKER@sakilacustomer.org,1440 Fukuyama Loop,Nanyang,China,1
169,ERICA,MATTHEWS,ERICA.MATTHEWS@sakilacustomer.org,1294 Firozabad Drive,Pingxiang,China,0
242,GLENDA,FRAZIER,GLENDA.FRAZIER@sakilacustomer.org,1246 Boksburg Parkway,Qinhuangdao,China,1
496,TYLER,WREN,TYLER.WREN@sakilacustomer.org,1060 Tandil Lane,Rizhao,China,1
546,KELLY,KNOTT,KELLY.KNOTT@sakilacustomer.org,390 Wroclaw Way,Sanya,China,1
424,KYLE,SPURLOCK,KYLE.SPURLOCK@sakilacustomer.org,1269 Botosani Manor,Shanwei,China,1
485,CLYDE,TOBIAS,CLYDE.TOBIAS@sakilacustomer.org,1909 Dayton Avenue,Shaoguan,China,1
378,EUGENE,CULPEPPER,EUGENE.CULPEPPER@sakilacustomer.org,686 Donostia-San Sebastián Lane,Shenzhen,China,1
511,CHESTER,BENNER,CHESTER.BENNER@sakilacustomer.org,1574 Goiânia Boulevard,Suihua,China,1
249,DORA,MEDINA,DORA.MEDINA@sakilacustomer.org,1760 Oshawa Manor,Tianjin,China,1
302,MICHAEL,SILVERMAN,MICHAEL.SILVERMAN@sakilacustomer.org,1908 Gaziantep Place,Tiefa,China,1
599,AUSTIN,CINTRON,AUSTIN.CINTRON@sakilacustomer.org,1325 Fukuyama Street,Tieli,China,1
442,LEROY,BUSTAMANTE,LEROY.BUSTAMANTE@sakilacustomer.org,105 Dzerzinsk Manor,Tongliao,China,1
588,MARION,OCAMPO,MARION.OCAMPO@sakilacustomer.org,1464 Kursk Parkway,Weifang,China,1
241,HEIDI,LARSON,HEIDI.LARSON@sakilacustomer.org,1103 Bilbays Parkway,Xi´angfan,China,0
67,KELLY,TORRES,KELLY.TORRES@sakilacustomer.org,1586 Guarujá Place,Xi´angtan,China,1
564,BOB,PFEIFFER,BOB.PFEIFFER@sakilacustomer.org,415 Pune Avenue,Xintai,China,1
339,WALTER,PERRYMAN,WALTER.PERRYMAN@sakilacustomer.org,1909 Benguela Lane,Xinxiang,China,1
272,KAY,CALDWELL,KAY.CALDWELL@sakilacustomer.org,85 San Felipe de Puerto Plata Drive,Yantai,China,1
484,ROBERTO,VU,ROBERTO.VU@sakilacustomer.org,1297 Alvorada Parkway,Yinchuan,China,1
521,ROLAND,SOUTH,ROLAND.SOUTH@sakilacustomer.org,1993 0 Loop,Yingkou,China,1
154,MICHELE,GRANT,MICHELE.GRANT@sakilacustomer.org,798 Cianjur Avenue,Yuncheng,China,1
324,GARY,COY,GARY.COY@sakilacustomer.org,867 Benin City Avenue,Yuzhou,China,1
93,PHYLLIS,FOSTER,PHYLLIS.FOSTER@sakilacustomer.org,832 Nakhon Sawan Manor,Zalantun,China,1
514,FRANKLIN,TROUTMAN,FRANKLIN.TROUTMAN@sakilacustomer.org,1778 Gijón Manor,Zaoyang,China,1
550,GUY,BROWNLEE,GUY.BROWNLEE@sakilacustomer.org,346 Cam Ranh Avenue,Zhoushan,China,1
235,JACKIE,LYNCH,JACKIE.LYNCH@sakilacustomer.org,98 Stara Zagora Boulevard,Buenaventura,Colombia,1
120,SYLVIA,ORTIZ,SYLVIA.ORTIZ@sakilacustomer.org,241 Mosul Lane,Dos Quebradas,Colombia,1
460,LEON,BOSTIC,LEON.BOSTIC@sakilacustomer.org,734 Tanshui Avenue,Florencia,Colombia,1
180,STACY,CUNNINGHAM,STACY.CUNNINGHAM@sakilacustomer.org,1410 Benin City Parkway,Pereira,Colombia,1
87,WANDA,PATTERSON,WANDA.PATTERSON@sakilacustomer.org,1740 Portoviejo Avenue,Sincelejo,Colombia,1
490,SAM,MCDUFFIE,SAM.MCDUFFIE@sakilacustomer.org,656 Matamoros Drive,Sogamoso,Colombia,1
387,JESSE,SCHILLING,JESSE.SCHILLING@sakilacustomer.org,514 Ife Way,Lubumbashi,"Congo, The Democratic Republic of the",1
375,AARON,SELBY,AARON.SELBY@sakilacustomer.org,1519 Santiago de los Caballeros Loop,Mwene-Ditu,"Congo, The Democratic Republic of the",1
265,JENNIE,TERRY,JENNIE.TERRY@sakilacustomer.org,682 Halisahar Place,Olomouc,Czech Republic,1
437,RANDALL,NEUMANN,RANDALL.NEUMANN@sakilacustomer.org,1245 Ibirité Way,La Romana,Dominican Republic,1
418,JEFF,EAST,JEFF.EAST@sakilacustomer.org,437 Chungho Drive,San Felipe de Puerto Plata,Dominican Republic,1
258,MYRTLE,FLEMING,MYRTLE.FLEMING@sakilacustomer.org,532 Toulon Street,Santiago de los Caballeros,Dominican Republic,1
589,TRACY,HERRMANN,TRACY.HERRMANN@sakilacustomer.org,1074 Sanaa Parkway,Loja,Ecuador,1
262,PATSY,DAVIDSON,PATSY.DAVIDSON@sakilacustomer.org,816 Cayenne Parkway,Portoviejo,Ecuador,1
494,RAMON,CHOATE,RAMON.CHOATE@sakilacustomer.org,1954 Kowloon and New Kowloon Way,Ríobamba,Ecuador,1
559,EVERETT,BANDA,EVERETT.BANDA@sakilacustomer.org,1741 Hoshiarpur Boulevard,Bilbays,Egypt,1
233,LILLIE,KIM,LILLIE.KIM@sakilacustomer.org,1736 Cavite Place,Idfu,Egypt,1
491,RICK,MATTOX,RICK.MATTOX@sakilacustomer.org,775 Šostka Drive,Mit Ghamr,Egypt,1
134,EMMA,BOYD,EMMA.BOYD@sakilacustomer.org,765 Southampton Drive,Qalyub,Egypt,1
423,ALFRED,CASILLAS,ALFRED.CASILLAS@sakilacustomer.org,1727 Matamoros Place,Sawhaj,Egypt,1
119,SHERRY,MARSHALL,SHERRY.MARSHALL@sakilacustomer.org,1987 Coacalco de Berriozábal Loop,Shubra al-Khayma,Egypt,1
444,MARCUS,HIDALGO,MARCUS.HIDALGO@sakilacustomer.org,1289 Belém Boulevard,Tartu,Estonia,1
392,SEAN,DOUGLASS,SEAN.DOUGLASS@sakilacustomer.org,614 Pak Kret Street,Addis Abeba,Ethiopia,1
317,EDWARD,BAUGH,EDWARD.BAUGH@sakilacustomer.org,1359 Zhoushan Parkway,Tórshavn,Faroe Islands,1
298,ERIKA,PENA,ERIKA.PENA@sakilacustomer.org,898 Jining Lane,Oulu,Finland,1
402,LUIS,YANEZ,LUIS.YANEZ@sakilacustomer.org,1346 Mysore Drive,Brest,France,1
162,LAUREN,HUDSON,LAUREN.HUDSON@sakilacustomer.org,1740 Le Mans Loop,Le Mans,France,1
104,RITA,GRAHAM,RITA.GRAHAM@sakilacustomer.org,1386 Yangor Avenue,Toulon,France,1
35,VIRGINIA,GREEN,VIRGINIA.GREEN@sakilacustomer.org,391 Callao Drive,Toulouse,France,1
65,ROSE,HOWARD,ROSE.HOWARD@sakilacustomer.org,698 Otsu Street,Cayenne,French Guiana,1
43,CHRISTINE,ROBERTS,CHRISTINE.ROBERTS@sakilacustomer.org,1447 Imus Way,Faaa,French Polynesia,1
56,GLORIA,COOK,GLORIA.COOK@sakilacustomer.org,1668 Saint Louis Place,Papeete,French Polynesia,1
584,SALVADOR,TEEL,SALVADOR.TEEL@sakilacustomer.org,247 Jining Parkway,Banjul,Gambia,1
114,GRACE,ELLIS,GRACE.ELLIS@sakilacustomer.org,442 Rae Bareli Place,Duisburg,Germany,1
448,MIGUEL,BETANCOURT,MIGUEL.BETANCOURT@sakilacustomer.org,319 Springs Loop,Erlangen,Germany,1
251,VICKIE,BREWER,VICKIE.BREWER@sakilacustomer.org,1966 Tonghae Street,Halle/Saale,Germany,1
196,ALMA,AUSTIN,ALMA.AUSTIN@sakilacustomer.org,1074 Binzhou Manor,Mannheim,Germany,1
227,COLLEEN,BURTON,COLLEEN.BURTON@sakilacustomer.org,430 Alessandria Loop,Saarbrücken,Germany,1
195,VANESSA,SIMS,VANESSA.SIMS@sakilacustomer.org,1792 Valle de la Pascua Place,Siegen,Germany,1
201,VICKI,FIELDS,VICKI.FIELDS@sakilacustomer.org,68 Molodetšno Manor,Witten,Germany,1
3,LINDA,WILLIAMS,LINDA.WILLIAMS@sakilacustomer.org,692 Joliet Street,Athenai,Greece,1
596,ENRIQUE,FORSYTHE,ENRIQUE.FORSYTHE@sakilacustomer.org,1101 Bucuresti Boulevard,Patras,Greece,1
207,GERTRUDE,CASTILLO,GERTRUDE.CASTILLO@sakilacustomer.org,850 Salala Loop,Nuuk,Greenland,1
26,JESSICA,HALL,JESSICA.HALL@sakilacustomer.org,18 Duisburg Boulevard,Città del Vaticano,Holy See (Vatican City State),1
289,VIOLET,RODRIQUEZ,VIOLET.RODRIQUEZ@sakilacustomer.org,1912 Allende Manor,Kowloon and New Kowloon,Hong Kong,1
592,TERRANCE,ROUSH,TERRANCE.ROUSH@sakilacustomer.org,42 Fontana Avenue,Székesfehérvár,Hungary,0
367,ADAM,GOOCH,ADAM.GOOCH@sakilacustomer.org,230 Urawa Drive,Adoni,India,1
297,SHERRI,RHODES,SHERRI.RHODES@sakilacustomer.org,922 Vila Velha Loop,Ahmadnagar,India,1
175,ANNETTE,OLSON,ANNETTE.OLSON@sakilacustomer.org,431 Xi´angtan Avenue,Allappuzha (Alleppey),India,1
225,ARLENE,HARVEY,ARLENE.HARVEY@sakilacustomer.org,1014 Loja Manor,Ambattur,India,1
534,CHRISTIAN,JUNG,CHRISTIAN.JUNG@sakilacustomer.org,949 Allende Lane,Amroha,India,0
208,LUCY,WHEELER,LUCY.WHEELER@sakilacustomer.org,624 Oshawa Boulevard,Balurghat,India,1
413,MARVIN,YEE,MARVIN.YEE@sakilacustomer.org,126 Acuña Parkway,Berhampore (Baharampur),India,1
379,CARLOS,COUGHLIN,CARLOS.COUGHLIN@sakilacustomer.org,97 Mogiljov Lane,Bhavnagar,India,1
209,TONYA,CHAPMAN,TONYA.CHAPMAN@sakilacustomer.org,43 Dadu Avenue,Bhilwara,India,1
529,ERIK,GUILLEN,ERIK.GUILLEN@sakilacustomer.org,635 Brest Manor,Bhimavaram,India,1
15,HELEN,HARRIS,HELEN.HARRIS@sakilacustomer.org,419 Iligan Lane,Bhopal,India,1
202,CARLA,GUTIERREZ,CARLA.GUTIERREZ@sakilacustomer.org,642 Nador Drive,Bhusawal,India,1
468,TIM,CARY,TIM.CARY@sakilacustomer.org,1257 Guadalajara Street,Bijapur,India,1
167,SALLY,PIERCE,SALLY.PIERCE@sakilacustomer.org,1540 Wroclaw Drive,Chandrapur,India,1
509,RAUL,FORTIER,RAUL.FORTIER@sakilacustomer.org,1747 Rustenburg Place,Chapra,India,1
440,BERNARD,COLBY,BERNARD.COLBY@sakilacustomer.org,495 Bhimavaram Lane,Dhule (Dhulia),India,1
121,JOSEPHINE,GOMEZ,JOSEPHINE.GOMEZ@sakilacustomer.org,211 Chiayi Drive,Etawah,India,1
192,LAURIE,LAWRENCE,LAURIE.LAWRENCE@sakilacustomer.org,9 San Miguel de Tucumán Manor,Firozabad,India,1
117,EDITH,MCDONALD,EDITH.MCDONALD@sakilacustomer.org,1967 Sincelejo Place,Gandhinagar,India,1
370,WAYNE,TRUONG,WAYNE.TRUONG@sakilacustomer.org,1049 Matamoros Parkway,Gulbarga,India,1
186,HOLLY,FOX,HOLLY.FOX@sakilacustomer.org,435 0 Way,Haldia,India,1
259,LENA,JENSEN,LENA.JENSEN@sakilacustomer.org,1027 Banjul Place,Halisahar,India,1
412,ALLEN,BUTTERFIELD,ALLEN.BUTTERFIELD@sakilacustomer.org,791 Salinas Street,Hoshiarpur,India,1
136,ANITA,MORALES,ANITA.MORALES@sakilacustomer.org,788 Atšinsk Street,Hubli-Dharwad,India,1
60,MILDRED,BAILEY,MILDRED.BAILEY@sakilacustomer.org,81 Hodeida Way,Jaipur,India,1
32,AMY,LOPEZ,AMY.LOPEZ@sakilacustomer.org,176 Mandaluyong Place,Jhansi,India,1
224,PEARL,GARZA,PEARL.GARZA@sakilacustomer.org,60 Poços de Caldas Street,Jodhpur,India,1
31,BRENDA,WRIGHT,BRENDA.WRIGHT@sakilacustomer.org,33 Gorontalo Way,Kamarhati,India,1
492,LESTER,KRAUS,LESTER.KRAUS@sakilacustomer.org,1013 Tabuk Boulevard,Kanchrapara,India,1
274,NAOMI,JENNINGS,NAOMI.JENNINGS@sakilacustomer.org,1884 Shikarpur Avenue,Karnal,India,1
419,CHAD,CARBONE,CHAD.CARBONE@sakilacustomer.org,1948 Bayugan Parkway,Katihar,India,1
271,PENNY,NEAL,PENNY.NEAL@sakilacustomer.org,1675 Xi´angfan Manor,Kumbakonam,India,0
316,STEVEN,CURLEY,STEVEN.CURLEY@sakilacustomer.org,651 Pathankot Loop,Miraj,India,1
28,CYNTHIA,YOUNG,CYNTHIA.YOUNG@sakilacustomer.org,1425 Shikarpur Manor,Munger (Monghyr),India,1
59,CHERYL,MURPHY,CHERYL.MURPHY@sakilacustomer.org,1213 Ranchi Parkway,Mysore,India,1
152,ALICIA,MILLS,ALICIA.MILLS@sakilacustomer.org,1963 Moscow Place,Nagaon,India,1
268,NINA,SOTO,NINA.SOTO@sakilacustomer.org,1519 Ilorin Place,Palghat (Palakkad),India,1
300,JOHN,FARNSWORTH,JOHN.FARNSWORTH@sakilacustomer.org,41 El Alto Parkway,Parbhani,India,1
95,PAULA,BRYANT,PAULA.BRYANT@sakilacustomer.org,1697 Tanauan Lane,Pathankot,India,1
296,RAMONA,HALE,RAMONA.HALE@sakilacustomer.org,951 Stara Zagora Manor,Patiala,India,1
421,LEE,HAWKS,LEE.HAWKS@sakilacustomer.org,1661 Abha Drive,Pudukkottai,India,1
135,JUANITA,MASON,JUANITA.MASON@sakilacustomer.org,943 Johannesburg Avenue,Pune,India,1
426,BRADLEY,MOTLEY,BRADLEY.MOTLEY@sakilacustomer.org,1596 Acuña Parkway,Purnea (Purnia),India,1
78,LORI,WOOD,LORI.WOOD@sakilacustomer.org,936 Salzburg Lane,Rae Bareli,India,1
554,DWAYNE,OLVERA,DWAYNE.OLVERA@sakilacustomer.org,1447 Imus Place,Rajkot,India,1
336,JOSHUA,MARK,JOSHUA.MARK@sakilacustomer.org,1920 Weifang Avenue,Rampur,India,1
358,SAMUEL,MARLOW,SAMUEL.MARLOW@sakilacustomer.org,604 Bern Place,Ranchi,India,1
217,AGNES,BISHOP,AGNES.BISHOP@sakilacustomer.org,866 Shivapuri Manor,Sambhal,India,1
356,GERALD,FULTZ,GERALD.FULTZ@sakilacustomer.org,45 Aparecida de Goiânia Place,Satna,India,1
238,NELLIE,GARRETT,NELLIE.GARRETT@sakilacustomer.org,1964 Gijón Manor,Shimoga,India,1
68,NICOLE,PETERSON,NICOLE.PETERSON@sakilacustomer.org,57 Arlington Manor,Shivapuri,India,1
502,BRETT,CORNWELL,BRETT.CORNWELL@sakilacustomer.org,1197 Sokoto Boulevard,Siliguri (Shiliguri),India,1
287,BECKY,MILES,BECKY.MILES@sakilacustomer.org,1993 Tabuk Lane,Tambaram,India,1
170,BEATRICE,ARNOLD,BEATRICE.ARNOLD@sakilacustomer.org,1877 Ezhou Lane,Udaipur,India,1
446,THEODORE,CULP,THEODORE.CULP@sakilacustomer.org,1704 Tambaram Manor,Uluberia,India,0
231,GEORGIA,JACOBS,GEORGIA.JACOBS@sakilacustomer.org,954 Kimchon Place,Uttarpara-Kotrung,India,1
403,MIKE,WAY,MIKE.WAY@sakilacustomer.org,990 Etawah Loop,Valparai,India,1
123,SHANNON,FREEMAN,SHANNON.FREEMAN@sakilacustomer.org,117 Boa Vista Way,Varanasi (Benares),India,1
508,MILTON,HOWLAND,MILTON.HOWLAND@sakilacustomer.org,758 Korolev Parkway,Vijayawada,India,1
12,NANCY,THOMAS,NANCY.THOMAS@sakilacustomer.org,808 Bhopal Manor,Yamuna Nagar,India,1
411,NORMAN,CURRIER,NORMAN.CURRIER@sakilacustomer.org,1445 Carmen Parkway,Cianjur,Indonesia,1
239,MINNIE,ROMERO,MINNIE.ROMERO@sakilacustomer.org,47 Syktyvkar Lane,Ciomas,Indonesia,1
328,JEFFREY,SPEAR,JEFFREY.SPEAR@sakilacustomer.org,1860 Taguig Loop,Ciparay,Indonesia,1
203,TARA,RYAN,TARA.RYAN@sakilacustomer.org,1688 Nador Lane,Gorontalo,Indonesia,1
153,SUZANNE,NICHOLS,SUZANNE.NICHOLS@sakilacustomer.org,456 Escobar Way,Jakarta,Indonesia,1
473,JORGE,OLIVARES,JORGE.OLIVARES@sakilacustomer.org,1078 Stara Zagora Drive,Lhokseumawe,Indonesia,1
500,REGINALD,KINDER,REGINALD.KINDER@sakilacustomer.org,519 Brescia Parkway,Madiun,Indonesia,1
542,LONNIE,TIRADO,LONNIE.TIRADO@sakilacustomer.org,1658 Cumaná Loop,Pangkal Pinang,Indonesia,1
116,VICTORIA,GIBSON,VICTORIA.GIBSON@sakilacustomer.org,544 Malmö Parkway,Pemalang,Indonesia,1
506,LESLIE,SEWARD,LESLIE.SEWARD@sakilacustomer.org,1152 al-Qatif Lane,Pontianak,Indonesia,1
372,STEVE,MACKENZIE,STEVE.MACKENZIE@sakilacustomer.org,154 Oshawa Manor,Probolinggo,Indonesia,1
524,JARED,ELY,JARED.ELY@sakilacustomer.org,1003 Qinhuangdao Street,Purwakarta,Indonesia,1
450,JAY,ROBB,JAY.ROBB@sakilacustomer.org,1947 Paarl Way,Surakarta,Indonesia,1
458,LLOYD,DOWD,LLOYD.DOWD@sakilacustomer.org,935 Aden Boulevard,Tegal,Indonesia,1
36,KATHLEEN,ADAMS,KATHLEEN.ADAMS@sakilacustomer.org,334 Munger (Monghyr) Lane,Arak,Iran,1
10,DOROTHY,TAYLOR,DOROTHY.TAYLOR@sakilacustomer.org,1531 Salé Drive,Esfahan,Iran,1
377,HOWARD,FORTNER,HOWARD.FORTNER@sakilacustomer.org,220 Hidalgo Drive,Kermanshah,Iran,1
368,HARRY,ARCE,HARRY.ARCE@sakilacustomer.org,1922 Miraj Way,Najafabad,Iran,0
459,TOMMY,COLLAZO,TOMMY.COLLAZO@sakilacustomer.org,76 Kermanshah Manor,Qomsheh,Iran,1
185,ROBERTA,HARPER,ROBERTA.HARPER@sakilacustomer.org,927 Barcelona Street,Shahr-e Kord,Iran,1
449,OSCAR,AQUINO,OSCAR.AQUINO@sakilacustomer.org,956 Nam Dinh Manor,Sirjan,Iran,1
279,DIANNE,SHELTON,DIANNE.SHELTON@sakilacustomer.org,600 Bradford Street,Tabriz,Iran,1
579,DARYL,LARUE,DARYL.LARUE@sakilacustomer.org,1208 Tama Loop,Mosul,Iraq,1
102,CRYSTAL,FORD,CRYSTAL.FORD@sakilacustomer.org,659 Vaduz Drive,Ashdod,Israel,1
478,LEWIS,LYMAN,LEWIS.LYMAN@sakilacustomer.org,632 Usolje-Sibirskoje Parkway,Ashqelon,Israel,1
315,KENNETH,GOODEN,KENNETH.GOODEN@sakilacustomer.org,1542 Lubumbashi Boulevard,Bat Yam,Israel,0
161,GERALDINE,PERKINS,GERALDINE.PERKINS@sakilacustomer.org,97 Shimoga Avenue,Tel Aviv-Jaffa,Israel,1
33,ANNA,HILL,ANNA.HILL@sakilacustomer.org,127 Purnea (Purnia) Manor,Alessandria,Italy,1
439,ALEXANDER,FENNELL,ALEXANDER.FENNELL@sakilacustomer.org,231 Kaliningrad Place,Bergamo,Italy,1
309,CHRISTOPHER,GRECO,CHRISTOPHER.GRECO@sakilacustomer.org,1224 Huejutla de Reyes Boulevard,Brescia,Italy,1
499,MARC,OUTLAW,MARC.OUTLAW@sakilacustomer.org,1 Valle de Santiago Avenue,Brindisi,Italy,1
541,DARREN,WINDHAM,DARREN.WINDHAM@sakilacustomer.org,379 Lublin Parkway,Livorno,Italy,1
221,BESSIE,MORRISON,BESSIE.MORRISON@sakilacustomer.org,1926 Gingoog Street,Syrakusa,Italy,1
525,ADRIAN,CLARY,ADRIAN.CLARY@sakilacustomer.org,1986 Sivas Place,Udine,Italy,1
574,JULIAN,VEST,JULIAN.VEST@sakilacustomer.org,923 Tangail Boulevard,Akishima,Japan,1
141,DEBBIE,REYES,DEBBIE.REYES@sakilacustomer.org,928 Jaffna Loop,Fukuyama,Japan,1
264,GWENDOLYN,MAY,GWENDOLYN.MAY@sakilacustomer.org,446 Kirovo-Tšepetsk Lane,Higashiosaka,Japan,1
194,KRISTEN,CHAVEZ,KRISTEN.CHAVEZ@sakilacustomer.org,345 Oshawa Boulevard,Hino,Japan,1
299,JAMES,GANNON,JAMES.GANNON@sakilacustomer.org,1635 Kuwana Boulevard,Hiroshima,Japan,1
519,RON,DELUCA,RON.DELUCA@sakilacustomer.org,1949 Sanya Street,Isesaki,Japan,1
240,MARLENE,WELCH,MARLENE.WELCH@sakilacustomer.org,1148 Saarbrücken Parkway,Iwaki,Japan,1
54,TERESA,ROGERS,TERESA.ROGERS@sakilacustomer.org,1964 Allappuzha (Alleppey) Street,Iwakuni,Japan,1
396,EARL,SHANKS,EARL.SHANKS@sakilacustomer.org,168 Cianjur Manor,Iwatsuki,Japan,1
391,CLARENCE,GAMEZ,CLARENCE.GAMEZ@sakilacustomer.org,767 Pyongyang Drive,Izumisano,Japan,1
163,CATHY,SPENCER,CATHY.SPENCER@sakilacustomer.org,1287 Xi´angfan Boulevard,Kakamigahara,Japan,1
79,RACHEL,BARNES,RACHEL.BARNES@sakilacustomer.org,586 Tete Way,Kamakura,Japan,1
547,KURT,EMMONS,KURT.EMMONS@sakilacustomer.org,1421 Quilmes Lane,Kanazawa,Japan,1
401,TONY,CARRANZA,TONY.CARRANZA@sakilacustomer.org,454 Patiala Lane,Koriyama,Japan,1
34,REBECCA,SCOTT,REBECCA.SCOTT@sakilacustomer.org,61 Tama Street,Kurashiki,Japan,1
531,JAMIE,WAUGH,JAMIE.WAUGH@sakilacustomer.org,958 Sagamihara Lane,Kuwana,Japan,1
355,TERRY,GRISSOM,TERRY.GRISSOM@sakilacustomer.org,619 Huánuco Avenue,Matsue,Japan,1
253,TERRY,CARLSON,TERRY.CARLSON@sakilacustomer.org,752 Ondo Loop,Miyakonojo,Japan,1
53,HEATHER,MORRIS,HEATHER.MORRIS@sakilacustomer.org,17 Kabul Boulevard,Nagareyama,Japan,1
489,RICARDO,MEADOR,RICARDO.MEADOR@sakilacustomer.org,591 Sungai Petani Drive,Okayama,Japan,1
365,BRUCE,SCHWARZ,BRUCE.SCHWARZ@sakilacustomer.org,1565 Tangail Manor,Okinawa,Japan,1
404,STANLEY,SCROGGINS,STANLEY.SCROGGINS@sakilacustomer.org,1266 Laredo Parkway,Omiya,Japan,1
337,JERRY,JORDON,JERRY.JORDON@sakilacustomer.org,124 al-Manama Way,Onomichi,Japan,1
285,MIRIAM,MCKINNEY,MIRIAM.MCKINNEY@sakilacustomer.org,1336 Benin City Drive,Otsu,Japan,1
11,LISA,ANDERSON,LISA.ANDERSON@sakilacustomer.org,1542 Tarlac Parkway,Sagamihara,Japan,1
1,MARY,SMITH,MARY.SMITH@sakilacustomer.org,1913 Hanoi Way,Sasebo,Japan,1
29,ANGELA,HERNANDEZ,ANGELA.HERNANDEZ@sakilacustomer.org,786 Aurora Avenue,Shimonoseki,Japan,1
385,PHILLIP,HOLM,PHILLIP.HOLM@sakilacustomer.org,102 Chapra Drive,Tama,Japan,1
429,FREDERICK,ISBELL,FREDERICK.ISBELL@sakilacustomer.org,1404 Taguig Drive,Tsuyama,Japan,1
503,ANGEL,BARCLAY,ANGEL.BARCLAY@sakilacustomer.org,496 Celaya Drive,Ueda,Japan,1
147,JOANNE,ROBERTSON,JOANNE.ROBERTSON@sakilacustomer.org,1337 Lincoln Parkway,Urawa,Japan,1
76,IRENE,PRICE,IRENE.PRICE@sakilacustomer.org,602 Paarl Street,Pavlodar,Kazakstan,1
573,BYRON,BOX,BYRON.BOX@sakilacustomer.org,521 San Juan Bautista Tuxtepec Place,Zhezqazghan,Kazakstan,1
193,KATIE,ELLIOTT,KATIE.ELLIOTT@sakilacustomer.org,447 Surakarta Loop,Kisumu,Kenya,1
363,ROY,WHITING,ROY.WHITING@sakilacustomer.org,1658 Jastrzebie-Zdrój Loop,Nyeri,Kenya,1
234,CLAUDIA,FULLER,CLAUDIA.FULLER@sakilacustomer.org,346 Skikda Parkway,Jalib al-Shuyukh,Kuwait,1
347,RYAN,SALISBURY,RYAN.SALISBURY@sakilacustomer.org,1673 Tangail Drive,Daugavpils,Latvia,1
23,SARAH,LEWIS,SARAH.LEWIS@sakilacustomer.org,1780 Hino Boulevard,Liepaja,Latvia,1
57,EVELYN,MORGAN,EVELYN.MORGAN@sakilacustomer.org,943 Tokat Street,Vaduz,Liechtenstein,1
557,FELIX,GAFFNEY,FELIX.GAFFNEY@sakilacustomer.org,1059 Yuncheng Avenue,Vilnius,Lithuania,1
81,ANDREA,HENDERSON,ANDREA.HENDERSON@sakilacustomer.org,320 Baiyin Parkway,Mahajanga,Madagascar,1
166,LYNN,PAYNE,LYNN.PAYNE@sakilacustomer.org,710 San Felipe del Progreso Avenue,Lilongwe,Malawi,1
171,DOLORES,WAGNER,DOLORES.WAGNER@sakilacustomer.org,316 Uruapan Street,Ipoh,Malaysia,1
58,JEAN,BELL,JEAN.BELL@sakilacustomer.org,1114 Liepaja Street,Kuching,Malaysia,1
306,CHARLES,KOWALSKI,CHARLES.KOWALSKI@sakilacustomer.org,715 São Bernardo do Campo Lane,Sungai Petani,Malaysia,1
486,GLEN,TALBERT,GLEN.TALBERT@sakilacustomer.org,1789 Saint-Denis Parkway,Acuña,Mexico,1
414,VINCENT,RALSTON,VINCENT.RALSTON@sakilacustomer.org,397 Sunnyvale Avenue,Allende,Mexico,1
84,SARA,PERRY,SARA.PERRY@sakilacustomer.org,125 Città del Vaticano Boulevard,Atlixco,Mexico,1
578,WILLARD,LUMPKIN,WILLARD.LUMPKIN@sakilacustomer.org,1819 Alessandria Loop,Carmen,Mexico,1
587,SERGIO,STANFIELD,SERGIO.STANFIELD@sakilacustomer.org,1402 Zanzibar Boulevard,Celaya,Mexico,1
247,STELLA,MORENO,STELLA.MORENO@sakilacustomer.org,1473 Changhwa Parkway,Coacalco de Berriozábal,Mexico,1
482,MAURICE,CRAWLEY,MAURICE.CRAWLEY@sakilacustomer.org,1785 São Bernardo do Campo Street,Coatzacoalcos,Mexico,0
467,ALVIN,DELOACH,ALVIN.DELOACH@sakilacustomer.org,1447 Chatsworth Place,Cuauhtémoc,Mexico,1
323,MATTHEW,MAHAN,MATTHEW.MAHAN@sakilacustomer.org,479 San Felipe del Progreso Avenue,Cuautla,Mexico,1
575,ISAAC,OGLESBY,ISAAC.OGLESBY@sakilacustomer.org,186 Skikda Lane,Cuernavaca,Mexico,1
451,JIM,REA,JIM.REA@sakilacustomer.org,814 Simferopol Loop,El Fuerte,Mexico,1
364,BENJAMIN,VARNEY,BENJAMIN.VARNEY@sakilacustomer.org,817 Laredo Avenue,Guadalajara,Mexico,1
150,DANIELLE,DANIELS,DANIELLE.DANIELS@sakilacustomer.org,781 Shimonoseki Drive,Hidalgo,Mexico,1
582,ANDY,VANHORN,ANDY.VANHORN@sakilacustomer.org,966 Asunción Way,Huejutla de Reyes,Mexico,1
108,TRACY,COLE,TRACY.COLE@sakilacustomer.org,1002 Ahmadnagar Manor,Huixquilucan,Mexico,1
581,VIRGIL,WOFFORD,VIRGIL.WOFFORD@sakilacustomer.org,760 Miyakonojo Drive,José Azueta,Mexico,1
369,FRED,WHEAT,FRED.WHEAT@sakilacustomer.org,433 Florencia Street,Juárez,Mexico,1
488,SHANE,MILLARD,SHANE.MILLARD@sakilacustomer.org,184 Mandaluyong Street,La Paz,Mexico,1
177,SAMANTHA,DUNCAN,SAMANTHA.DUNCAN@sakilacustomer.org,146 Johannesburg Way,Matamoros,Mexico,1
343,DOUGLAS,GRAF,DOUGLAS.GRAF@sakilacustomer.org,785 Vaduz Street,Mexicali,Mexico,1
570,IVAN,CROMWELL,IVAN.CROMWELL@sakilacustomer.org,1351 Sousse Lane,Monclova,Mexico,1
115,WENDY,HARRISON,WENDY.HARRISON@sakilacustomer.org,1107 Nakhon Sawan Avenue,Nezahualcóyotl,Mexico,1
353,JONATHAN,SCARBOROUGH,JONATHAN.SCARBOROUGH@sakilacustomer.org,1698 Southport Loop,Pachuca de Soto,Mexico,1
273,PRISCILLA,LOWE,PRISCILLA.LOWE@sakilacustomer.org,144 South Hill Loop,Salamanca,Mexico,1
319,RONALD,WEINER,RONALD.WEINER@sakilacustomer.org,1145 Vilnius Manor,San Felipe del Progreso,Mexico,1
425,FRANCIS,SIKES,FRANCIS.SIKES@sakilacustomer.org,355 Vitória de Santo Antão Way,San Juan Bautista Tuxtepec,Mexico,1
133,PAULINE,HENRY,PAULINE.HENRY@sakilacustomer.org,261 Saint Louis Way,Torreón,Mexico,1
454,ALEX,GRESHAM,ALEX.GRESHAM@sakilacustomer.org,251 Florencia Drive,Uruapan,Mexico,1
288,BOBBIE,CRAIG,BOBBIE.CRAIG@sakilacustomer.org,86 Higashiosaka Lane,Valle de Santiago,Mexico,1
465,FLOYD,GANDY,FLOYD.GANDY@sakilacustomer.org,1088 Ibirité Place,Zapopan,Mexico,1
38,MARTHA,GONZALEZ,MARTHA.GONZALEZ@sakilacustomer.org,269 Cam Ranh Parkway,Chisinau,Moldova,1
543,LANCE,PEMBERTON,LANCE.PEMBERTON@sakilacustomer.org,454 Qinhuangdao Drive,Beni-Mellal,Morocco,1
40,AMANDA,CARTER,AMANDA.CARTER@sakilacustomer.org,671 Graz Street,Nador,Morocco,1
22,LAURA,RODRIGUEZ,LAURA.RODRIGUEZ@sakilacustomer.org,28 Charlotte Amalie Street,Salé,Morocco,1
257,MARSHA,DOUGLAS,MARSHA.DOUGLAS@sakilacustomer.org,771 Yaoundé Manor,Beira,Mozambique,1
433,DON,BONE,DON.BONE@sakilacustomer.org,596 Huixquilucan Place,Naçala-Porto,Mozambique,1
97,ANNIE,RUSSELL,ANNIE.RUSSELL@sakilacustomer.org,1599 Plock Drive,Tete,Mozambique,1
256,MABEL,HOLLAND,MABEL.HOLLAND@sakilacustomer.org,51 Laredo Avenue,Monywa,Myanmar,1
4,BARBARA,JONES,BARBARA.JONES@sakilacustomer.org,1566 Inegöl Manor,Myingyan,Myanmar,1
513,DUANE,TUBBS,DUANE.TUBBS@sakilacustomer.org,962 Tama Loop,Yangor,Nauru,1
321,KEVIN,SCHULER,KEVIN.SCHULER@sakilacustomer.org,470 Boksburg Street,Birgunj,Nepal,1
415,GLENN,PULLEN,GLENN.PULLEN@sakilacustomer.org,992 Klerksdorp Loop,Amersfoort,Netherlands,1
137,RHONDA,KENNEDY,RHONDA.KENNEDY@sakilacustomer.org,1749 Daxian Place,Apeldoorn,Netherlands,1
341,PETER,MENARD,PETER.MENARD@sakilacustomer.org,1217 Konotop Avenue,Ede,Netherlands,1
474,DUSTIN,GILLETTE,DUSTIN.GILLETTE@sakilacustomer.org,1854 Okara Boulevard,Emmen,Netherlands,1
184,VIVIAN,RUIZ,VIVIAN.RUIZ@sakilacustomer.org,741 Ambattur Manor,´s-Hertogenbosch,Netherlands,1
8,SUSAN,WILSON,SUSAN.WILSON@sakilacustomer.org,478 Joliet Way,Hamilton,New Zealand,1
284,SONIA,GREGORY,SONIA.GREGORY@sakilacustomer.org,1279 Udine Parkway,Benin City,Nigeria,1
409,RODNEY,MOELLER,RODNEY.MOELLER@sakilacustomer.org,1936 Lapu-Lapu Parkway,Deba Habe,Nigeria,1
286,VELMA,LUCAS,VELMA.LUCAS@sakilacustomer.org,1155 Liaocheng Place,Effon-Alaiye,Nigeria,1
80,MARILYN,ROSS,MARILYN.ROSS@sakilacustomer.org,1888 Kabul Drive,Ife,Nigeria,1
198,ELSIE,KELLEY,ELSIE.KELLEY@sakilacustomer.org,955 Bamenda Way,Ikerre,Nigeria,1
103,GLADYS,HAMILTON,GLADYS.HAMILTON@sakilacustomer.org,1177 Jelets Way,Ilorin,Nigeria,1
18,CAROL,GARCIA,CAROL.GARCIA@sakilacustomer.org,320 Brest Avenue,Kaduna,Nigeria,1
277,OLGA,JIMENEZ,OLGA.JIMENEZ@sakilacustomer.org,556 Baybay Manor,Ogbomosho,Nigeria,1
156,BERTHA,FERGUSON,BERTHA.FERGUSON@sakilacustomer.org,1367 Yantai Manor,Ondo,Nigeria,1
280,TRACEY,BARRETT,TRACEY.BARRETT@sakilacustomer.org,1006 Santa Bárbara d´Oeste Manor,Owo,Nigeria,1
250,JO,FOWLER,JO.FOWLER@sakilacustomer.org,786 Stara Zagora Way,Oyo,Nigeria,1
562,WALLACE,SLONE,WALLACE.SLONE@sakilacustomer.org,1342 Sharja Way,Sokoto,Nigeria,1
232,CONSTANCE,REID,CONSTANCE.REID@sakilacustomer.org,885 Yingkou Manor,Zaria,Nigeria,1
157,DARLENE,ROSE,DARLENE.ROSE@sakilacustomer.org,1386 Nakhon Sawan Boulevard,Pyongyang,North Korea,1
9,MARGARET,MOORE,MARGARET.MOORE@sakilacustomer.org,613 Korolev Drive,Masqat,Oman,1
498,GENE,SANBORN,GENE.SANBORN@sakilacustomer.org,1416 San Juan Bautista Tuxtepec Avenue,Salala,Oman,1
416,JEFFERY,PINSON,JEFFERY.PINSON@sakilacustomer.org,966 Arecibo Loop,Dadu,Pakistan,1
223,MELINDA,FERNANDEZ,MELINDA.FERNANDEZ@sakilacustomer.org,1820 Maringá Parkway,Mandi Bahauddin,Pakistan,1
20,SHARON,ROBINSON,SHARON.ROBINSON@sakilacustomer.org,1688 Okara Way,Mardan,Pakistan,1
399,DANNY,ISOM,DANNY.ISOM@sakilacustomer.org,734 Béchar Place,Okara,Pakistan,1
25,DEBORAH,WALKER,DEBORAH.WALKER@sakilacustomer.org,934 San Felipe de Puerto Plata Street,Shikarpur,Pakistan,1
226,MAUREEN,LITTLE,MAUREEN.LITTLE@sakilacustomer.org,201 Effon-Alaiye Way,Asunción,Paraguay,1
205,EILEEN,CARR,EILEEN.CARR@sakilacustomer.org,1679 Antofagasta Street,Ciudad del Este,Paraguay,1
345,CARL,ARTIS,CARL.ARTIS@sakilacustomer.org,1628 Nagareyama Lane,San Lorenzo,Paraguay,1
304,DAVID,ROYAL,DAVID.ROYAL@sakilacustomer.org,827 Yuncheng Drive,Callao,Peru,1
565,JAIME,NETTLES,JAIME.NETTLES@sakilacustomer.org,1746 Faaa Way,Huánuco,Peru,1
122,THELMA,MURRAY,THELMA.MURRAY@sakilacustomer.org,1175 Tanauan Way,Lima,Peru,1
597,FREDDIE,DUGGAN,FREDDIE.DUGGAN@sakilacustomer.org,1103 Quilmes Boulevard,Sullana,Peru,1
71,KATHY,JAMES,KATHY.JAMES@sakilacustomer.org,492 Cam Ranh Street,Baybay,Philippines,1
188,MELANIE,ARMSTRONG,MELANIE.ARMSTRONG@sakilacustomer.org,1166 Changhwa Street,Bayugan,Philippines,1
94,NORMA,GONZALES,NORMA.GONZALES@sakilacustomer.org,152 Kitwe Parkway,Bislig,Philippines,1
371,BILLY,POULIN,BILLY.POULIN@sakilacustomer.org,1061 Ede Avenue,Cabuyao,Philippines,1
388,CRAIG,MORRELL,CRAIG.MORRELL@sakilacustomer.org,717 Changzhou Lane,Cavite,Philippines,1
27,SHIRLEY,ALLEN,SHIRLEY.ALLEN@sakilacustomer.org,217 Botshabelo Place,Davao,Philippines,1
461,DEREK,BLAKELY,DEREK.BLAKELY@sakilacustomer.org,118 Jaffna Loop,Gingoog,Philippines,1
255,IRMA,PEARSON,IRMA.PEARSON@sakilacustomer.org,127 Iwakuni Boulevard,Hagonoy,Philippines,1
580,ROSS,GREY,ROSS.GREY@sakilacustomer.org,951 Springs Lane,Iligan,Philippines,1
349,JOE,GILLILAND,JOE.GILLILAND@sakilacustomer.org,953 Hodeida Street,Imus,Philippines,1
244,VIOLA,HANSON,VIOLA.HANSON@sakilacustomer.org,582 Papeete Loop,Lapu-Lapu,Philippines,1
263,HILDA,HOPKINS,HILDA.HOPKINS@sakilacustomer.org,1831 Nam Dinh Loop,Mandaluyong,Philippines,1
434,EDDIE,TOMLIN,EDDIE.TOMLIN@sakilacustomer.org,1351 Aparecida de Goiânia Parkway,Ozamis,Philippines,1
522,ARNOLD,HAVENS,ARNOLD.HAVENS@sakilacustomer.org,1176 Southend-on-Sea Manor,Santa Rosa,Philippines,1
72,THERESA,WATSON,THERESA.WATSON@sakilacustomer.org,89 Allappuzha (Alleppey) Manor,Taguig,Philippines,1
505,RAFAEL,ABNEY,RAFAEL.ABNEY@sakilacustomer.org,48 Maracaíbo Place,Talavera,Philippines,1
373,LOUIS,LEONE,LOUIS.LEONE@sakilacustomer.org,1191 Tandil Drive,Tanauan,Philippines,1
236,MARCIA,DEAN,MARCIA.DEAN@sakilacustomer.org,1479 Rustenburg Boulevard,Tanza,Philippines,1
548,ALLAN,CORNISH,ALLAN.CORNISH@sakilacustomer.org,947 Tórshavn Place,Tarlac,Philippines,1
261,DEANNA,BYRD,DEANNA.BYRD@sakilacustomer.org,862 Xintai Lane,Tuguegarao,Philippines,1
318,BRIAN,WYMAN,BRIAN.WYMAN@sakilacustomer.org,1769 Iwaki Lane,Bydgoszcz,Poland,1
572,SIDNEY,BURLESON,SIDNEY.BURLESON@sakilacustomer.org,1405 Hagonoy Avenue,Czestochowa,Poland,1
128,MARJORIE,TUCKER,MARJORIE.TUCKER@sakilacustomer.org,1050 Garden Grove Avenue,Jastrzebie-Zdrój,Poland,1
270,LEAH,CURTIS,LEAH.CURTIS@sakilacustomer.org,906 Goiânia Way,Kalisz,Poland,1
501,RUBEN,GEARY,RUBEN.GEARY@sakilacustomer.org,414 Mandaluyong Street,Lublin,Poland,1
571,JOHNNIE,CHISHOLM,JOHNNIE.CHISHOLM@sakilacustomer.org,1501 Pangkal Pinang Avenue,Plock,Poland,1
380,RUSSELL,BRINSON,RUSSELL.BRINSON@sakilacustomer.org,1642 Charlotte Amalie Drive,Tychy,Poland,1
558,JIMMIE,EGGLESTON,JIMMIE.EGGLESTON@sakilacustomer.org,505 Madiun Boulevard,Wroclaw,Poland,0
360,RALPH,MADRIGAL,RALPH.MADRIGAL@sakilacustomer.org,1009 Zanzibar Lane,Arecibo,Puerto Rico,1
282,JENNY,CASTRO,JENNY.CASTRO@sakilacustomer.org,1405 Chisinau Place,Ponce,Puerto Rico,1
230,JOY,GEORGE,JOY.GEORGE@sakilacustomer.org,1256 Bislig Boulevard,Botosani,Romania,1
563,KEN,PREWITT,KEN.PREWITT@sakilacustomer.org,1342 Abha Boulevard,Bucuresti,Romania,1
148,ELEANOR,HUNT,ELEANOR.HUNT@sakilacustomer.org,1952 Pune Lane,Saint-Denis,Réunion,1
397,JIMMY,SCHRADER,JIMMY.SCHRADER@sakilacustomer.org,616 Hagonoy Avenue,Atšinsk,Russian Federation,1
55,DORIS,REED,DORIS.REED@sakilacustomer.org,1697 Kowloon and New Kowloon Loop,Balašiha,Russian Federation,1
430,RAY,HOULE,RAY.HOULE@sakilacustomer.org,740 Udaipur Lane,Dzerzinsk,Russian Federation,1
17,DONNA,THOMPSON,DONNA.THOMPSON@sakilacustomer.org,270 Toulon Boulevard,Elista,Russian Federation,1
106,CONNIE,WALLACE,CONNIE.WALLACE@sakilacustomer.org,1867 San Juan Bautista Tuxtepec Avenue,Ivanovo,Russian Federation,1
222,DELORES,HANSEN,DELORES.HANSEN@sakilacustomer.org,810 Palghat (Palakkad) Boulevard,Jaroslavl,Russian Federation,1
100,ROBIN,HAYES,ROBIN.HAYES@sakilacustomer.org,1913 Kamakura Place,Jelets,Russian Federation,1
301,ROBERT,BAUGHMAN,ROBERT.BAUGHMAN@sakilacustomer.org,1883 Maikop Lane,Kaliningrad,Russian Federation,1
510,BEN,EASTER,BEN.EASTER@sakilacustomer.org,886 Tonghae Place,Kamyšin,Russian Federation,0
179,DANA,HART,DANA.HART@sakilacustomer.org,1089 Iwatsuki Avenue,Kirovo-Tšepetsk,Russian Federation,1
295,DAISY,BATES,DAISY.BATES@sakilacustomer.org,661 Chisinau Lane,Kolpino,Russian Federation,1
393,PHILIP,CAUSEY,PHILIP.CAUSEY@sakilacustomer.org,954 Lapu-Lapu Way,Korolev,Russian Federation,1
376,RANDY,GAITHER,RANDY.GAITHER@sakilacustomer.org,1618 Olomouc Manor,Kurgan,Russian Federation,1
311,PAUL,TROUT,PAUL.TROUT@sakilacustomer.org,746 Joliet Lane,Kursk,Russian Federation,1
44,MARIE,TURNER,MARIE.TURNER@sakilacustomer.org,1998 Halifax Drive,Lipetsk,Russian Federation,1
160,ERIN,DUNN,ERIN.DUNN@sakilacustomer.org,1623 Bahía Blanca Manor,Ljubertsy,Russian Federation,1
346,ARTHUR,SIMPKINS,ARTHUR.SIMPKINS@sakilacustomer.org,1157 Nyeri Loop,Maikop,Russian Federation,1
46,CATHERINE,CAMPBELL,CATHERINE.CAMPBELL@sakilacustomer.org,46 Pjatigorsk Lane,Moscow,Russian Federation,1
447,CLIFFORD,BOWENS,CLIFFORD.BOWENS@sakilacustomer.org,207 Cuernavaca Loop,Nabereznyje Tšelny,Russian Federation,1
48,ANN,EVANS,ANN.EVANS@sakilacustomer.org,909 Garland Manor,Niznekamsk,Russian Federation,1
191,JEANETTE,GREENE,JEANETTE.GREENE@sakilacustomer.org,1077 San Felipe de Puerto Plata Place,Novotšerkassk,Russian Federation,1
487,HECTOR,POINDEXTER,HECTOR.POINDEXTER@sakilacustomer.org,185 Mannheim Lane,Pjatigorsk,Russian Federation,1
567,ALFREDO,MCADAMS,ALFREDO.MCADAMS@sakilacustomer.org,1407 Surakarta Manor,Serpuhov,Russian Federation,1
127,ELAINE,STEVENS,ELAINE.STEVENS@sakilacustomer.org,801 Hagonoy Drive,Smolensk,Russian Federation,1
428,HERBERT,KRUGER,HERBERT.KRUGER@sakilacustomer.org,1823 Hoshiarpur Lane,Syktyvkar,Russian Federation,1
350,JUAN,FRALEY,JUAN.FRALEY@sakilacustomer.org,469 Nakhon Sawan Street,Tšeboksary,Russian Federation,1
462,WARREN,SHERROD,WARREN.SHERROD@sakilacustomer.org,1621 Tongliao Avenue,Usolje-Sibirskoje,Russian Federation,1
351,JACK,FOUST,JACK.FOUST@sakilacustomer.org,1378 Beira Loop,Zeleznogorsk,Russian Federation,1
326,JOSE,ANDREW,JOSE.ANDREW@sakilacustomer.org,1016 Iwakuni Street,Kingstown,Saint Vincent and the Grenadines,1
101,PEGGY,MYERS,PEGGY.MYERS@sakilacustomer.org,733 Mandaluyong Place,Abha,Saudi Arabia,1
70,CHRISTINA,RAMIREZ,CHRISTINA.RAMIREZ@sakilacustomer.org,1124 Buenaventura Drive,al-Hawiya,Saudi Arabia,1
417,TRAVIS,ESTEP,TRAVIS.ESTEP@sakilacustomer.org,289 Santo André Manor,al-Qatif,Saudi Arabia,1
49,JOYCE,EDWARDS,JOYCE.EDWARDS@sakilacustomer.org,725 Isesaki Place,Jedda,Saudi Arabia,1
312,MARK,RINEHART,MARK.RINEHART@sakilacustomer.org,780 Kimberley Way,Tabuk,Saudi Arabia,1
456,RONNIE,RICKETTS,RONNIE.RICKETTS@sakilacustomer.org,1889 Valparai Way,Ziguinchor,Senegal,1
357,KEITH,RICO,KEITH.RICO@sakilacustomer.org,482 Kowloon and New Kowloon Manor,Bratislava,Slovakia,1
125,ETHEL,WEBB,ETHEL.WEBB@sakilacustomer.org,569 Baicheng Lane,Boksburg,South Africa,1
132,ESTHER,CRAWFORD,ESTHER.CRAWFORD@sakilacustomer.org,898 Belém Manor,Botshabelo,South Africa,1
555,DWIGHT,LOMBARDI,DWIGHT.LOMBARDI@sakilacustomer.org,1497 Fengshan Drive,Chatsworth,South Africa,1
471,DEAN,SAUER,DEAN.SAUER@sakilacustomer.org,270 Tambaram Parkway,Johannesburg,South Africa,1
19,RUTH,MARTINEZ,RUTH.MARTINEZ@sakilacustomer.org,1417 Lancaster Avenue,Kimberley,South Africa,1
109,EDNA,WEST,EDNA.WEST@sakilacustomer.org,682 Junan Way,Klerksdorp,South Africa,1
432,EDWIN,BURK,EDWIN.BURK@sakilacustomer.org,1766 Almirante Brown Street,Newcastle,South Africa,1
338,DENNIS,GILMAN,DENNIS.GILMAN@sakilacustomer.org,1443 Mardan Street,Paarl,South Africa,1
407,DALE,RATCLIFF,DALE.RATCLIFF@sakilacustomer.org,1639 Saarbrücken Drive,Rustenburg,South Africa,1
145,LUCILLE,HOLMES,LUCILLE.HOLMES@sakilacustomer.org,999 Sanaa Loop,Soshanguve,South Africa,1
83,LOUISE,JENKINS,LOUISE.JENKINS@sakilacustomer.org,929 Tallahassee Loop,Springs,South Africa,1
88,BONNIE,HUGHES,BONNIE.HUGHES@sakilacustomer.org,1942 Ciparay Parkway,Cheju,South Korea,1
99,EMILY,DIAZ,EMILY.DIAZ@sakilacustomer.org,588 Vila Velha Manor,Kimchon,South Korea,1
237,TANYA,GILBERT,TANYA.GILBERT@sakilacustomer.org,647 A Coruña (La Coruña) Street,Naju,South Korea,1
536,FERNANDO,CHURCHILL,FERNANDO.CHURCHILL@sakilacustomer.org,193 Bhusawal Place,Tonghae,South Korea,1
245,COURTNEY,DAY,COURTNEY.DAY@sakilacustomer.org,300 Junan Street,Uijongbu,South Korea,1
52,JULIE,SANCHEZ,JULIE.SANCHEZ@sakilacustomer.org,939 Probolinggo Loop,A Coruña (La Coruña),Spain,1
293,MAE,FLETCHER,MAE.FLETCHER@sakilacustomer.org,44 Najafabad Way,Donostia-San Sebastián,Spain,1
394,CHRIS,BROTHERS,CHRIS.BROTHERS@sakilacustomer.org,331 Bydgoszcz Parkway,Gijón,Spain,1
469,WESLEY,BULL,WESLEY.BULL@sakilacustomer.org,1469 Plock Lane,Ourense (Orense),Spain,1
549,NELSON,CHRISTENSON,NELSON.CHRISTENSON@sakilacustomer.org,1764 Jalib al-Shuyukh Parkway,Santiago de Compostela,Spain,1
408,MANUEL,MURRELL,MANUEL.MURRELL@sakilacustomer.org,692 Amroha Drive,Jaffna,Sri Lanka,1
395,JOHNNY,TURPIN,JOHNNY.TURPIN@sakilacustomer.org,1152 Citrus Heights Manor,al-Qadarif,Sudan,1
50,DIANE,COLLINS,DIANE.COLLINS@sakilacustomer.org,115 Hidalgo Parkway,Omdurman,Sudan,1
66,JANICE,WARD,JANICE.WARD@sakilacustomer.org,1150 Kimchon Manor,Malmö,Sweden,1
61,KATHERINE,RIVERA,KATHERINE.RIVERA@sakilacustomer.org,915 Ponce Place,Basel,Switzerland,1
155,GAIL,KNIGHT,GAIL.KNIGHT@sakilacustomer.org,185 Novi Sad Place,Bern,Switzerland,1
598,WADE,DELVALLE,WADE.DELVALLE@sakilacustomer.org,1331 Usak Boulevard,Lausanne,Switzerland,1
75,TAMMY,SANDERS,TAMMY.SANDERS@sakilacustomer.org,1551 Rampur Lane,Changhwa,Taiwan,1
73,BEVERLY,BROOKS,BEVERLY.BROOKS@sakilacustomer.org,1947 Poços de Caldas Boulevard,Chiayi,Taiwan,1
517,BRAD,MCCURDY,BRAD.MCCURDY@sakilacustomer.org,608 Birgunj Parkway,Chungho,Taiwan,1
576,MORRIS,MCCARTER,MORRIS.MCCARTER@sakilacustomer.org,1568 Celaya Parkway,Fengshan,Taiwan,1
348,ROGER,QUINTANILLA,ROGER.QUINTANILLA@sakilacustomer.org,381 Kabul Way,Hsichuh,Taiwan,1
30,MELISSA,KING,MELISSA.KING@sakilacustomer.org,1668 Anápolis Street,Lungtan,Taiwan,1
5,ELIZABETH,BROWN,ELIZABETH.BROWN@sakilacustomer.org,53 Idfu Parkway,Nantou,Taiwan,1
577,CLIFTON,MALCOLM,CLIFTON.MALCOLM@sakilacustomer.org,1489 Kakamigahara Lane,Tanshui,Taiwan,1
139,AMBER,DIXON,AMBER.DIXON@sakilacustomer.org,1029 Dzerzinsk Manor,Touliu,Taiwan,1
586,KIRK,STCLAIR,KIRK.STCLAIR@sakilacustomer.org,1923 Stara Zagora Lane,Tsaotun,Taiwan,1
481,HERMAN,DEVORE,HERMAN.DEVORE@sakilacustomer.org,64 Korla Street,Mwanza,Tanzania,1
190,YOLANDA,WEAVER,YOLANDA.WEAVER@sakilacustomer.org,605 Rio Claro Parkway,Tabora,Tanzania,1
220,CHARLENE,ALVAREZ,CHARLENE.ALVAREZ@sakilacustomer.org,1842 Luziânia Boulevard,Zanzibar,Tanzania,1
390,SHAWN,HEATON,SHAWN.HEATON@sakilacustomer.org,1337 Mit Ghamr Avenue,Nakhon Sawan,Thailand,1
42,CAROLYN,PEREZ,CAROLYN.PEREZ@sakilacustomer.org,1632 Bislig Avenue,Pak Kret,Thailand,1
86,JACQUELINE,LONG,JACQUELINE.LONG@sakilacustomer.org,870 Ashqelon Loop,Songkhla,Thailand,1
344,HENRY,BILLINGSLEY,HENRY.BILLINGSLEY@sakilacustomer.org,1516 Escobar Drive,Nuku´alofa,Tonga,1
335,GREGORY,MAULDIN,GREGORY.MAULDIN@sakilacustomer.org,507 Smolensk Loop,Sousse,Tunisia,1
327,LARRY,THRASHER,LARRY.THRASHER@sakilacustomer.org,663 Bahía Blanca Parkway,Adana,Turkey,1
366,BRANDON,HUEY,BRANDON.HUEY@sakilacustomer.org,1912 Emeishan Drive,Balikesir,Turkey,1
172,BERNICE,WILLIS,BERNICE.WILLIS@sakilacustomer.org,29 Pyongyang Loop,Batman,Turkey,1
483,VERNON,CHAPA,VERNON.CHAPA@sakilacustomer.org,698 Jelets Boulevard,Denizli,Turkey,1
507,EDGAR,RHOADS,EDGAR.RHOADS@sakilacustomer.org,1269 Ipoh Avenue,Eskisehir,Turkey,1
480,COREY,HAUSER,COREY.HAUSER@sakilacustomer.org,984 Novotšerkassk Loop,Gaziantep,Turkey,1
278,BILLIE,HORTON,BILLIE.HORTON@sakilacustomer.org,457 Tongliao Loop,Inegöl,Turkey,1
143,LESLIE,GORDON,LESLIE.GORDON@sakilacustomer.org,374 Bat Yam Boulevard,Kilis,Turkey,1
124,SHEILA,WELLS,SHEILA.WELLS@sakilacustomer.org,848 Tafuna Manor,Kütahya,Turkey,0
13,KAREN,JACKSON,KAREN.JACKSON@sakilacustomer.org,270 Amroha Parkway,Osmaniye,Turkey,1
518,GABRIEL,HARDER,GABRIEL.HARDER@sakilacustomer.org,680 A Coruña (La Coruña) Manor,Sivas,Turkey,1
493,BRENT,HARKINS,BRENT.HARKINS@sakilacustomer.org,319 Plock Parkway,Sultanbeyli,Turkey,1
164,JOANN,GARDNER,JOANN.GARDNER@sakilacustomer.org,842 Salzburg Lane,Tarsus,Turkey,1
566,CASEY,MENA,CASEY.MENA@sakilacustomer.org,539 Hami Way,Tokat,Turkey,1
204,ROSEMARY,SCHMIDT,ROSEMARY.SCHMIDT@sakilacustomer.org,1215 Pyongyang Parkway,Usak,Turkey,1
200,JEANNE,LAWSON,JEANNE.LAWSON@sakilacustomer.org,387 Mwene-Ditu Drive,Ashgabat,Turkmenistan,1
105,DAWN,SULLIVAN,DAWN.SULLIVAN@sakilacustomer.org,454 Nakhon Sawan Boulevard,Funafuti,Tuvalu,1
386,TODD,TAN,TODD.TAN@sakilacustomer.org,1793 Meixian Place,Kamjanets-Podilskyi,Ukraine,1
545,JULIO,NOLAND,JULIO.NOLAND@sakilacustomer.org,182 Nuku´alofa Drive,Konotop,Ukraine,1
131,MONICA,HICKS,MONICA.HICKS@sakilacustomer.org,1752 São Leopoldo Parkway,Mukatševe,Ukraine,1
475,PEDRO,CHESTNUT,PEDRO.CHESTNUT@sakilacustomer.org,421 Yaoundé Street,Šostka,Ukraine,1
82,KATHRYN,COLEMAN,KATHRYN.COLEMAN@sakilacustomer.org,927 Bahía Blanca Parkway,Simferopol,Ukraine,1
187,BRITTANY,RILEY,BRITTANY.RILEY@sakilacustomer.org,140 Chiayi Parkway,Sumy,Ukraine,1
452,TOM,MILNER,TOM.MILNER@sakilacustomer.org,535 Ahmadnagar Manor,Abu Dhabi,United Arab Emirates,1
98,LILLIAN,GRIFFIN,LILLIAN.GRIFFIN@sakilacustomer.org,669 Firozabad Loop,al-Ayn,United Arab Emirates,1
292,MISTY,LAMBERT,MISTY.LAMBERT@sakilacustomer.org,1192 Tongliao Street,Sharja,United Arab Emirates,1
85,ANNE,POWELL,ANNE.POWELL@sakilacustomer.org,1557 Kütahya Boulevard,Bradford,United Kingdom,1
142,APRIL,BURNS,APRIL.BURNS@sakilacustomer.org,483 Ljubertsy Parkway,Dundee,United Kingdom,1
252,MATTIE,HOFFMAN,MATTIE.HOFFMAN@sakilacustomer.org,1497 Yuzhou Drive,London,United Kingdom,1
512,CECIL,VINES,CECIL.VINES@sakilacustomer.org,548 Uruapan Street,London,United Kingdom,1
583,MARSHALL,THORN,MARSHALL.THORN@sakilacustomer.org,1584 Ljubertsy Lane,Southampton,United Kingdom,1
16,SANDRA,MARTIN,SANDRA.MARTIN@sakilacustomer.org,360 Toulouse Parkway,Southend-on-Sea,United Kingdom,0
556,ARMANDO,GRUBER,ARMANDO.GRUBER@sakilacustomer.org,869 Shikarpur Way,Southport,United Kingdom,1
477,DAN,PAINE,DAN.PAINE@sakilacustomer.org,808 Naçala-Porto Parkway,Stockport,United Kingdom,1
497,GILBERT,SLEDGE,GILBERT.SLEDGE@sakilacustomer.org,1515 Korla Way,York,United Kingdom,1
479,ZACHARY,HITE,ZACHARY.HITE@sakilacustomer.org,98 Pyongyang Boulevard,Akron,United States,1
305,RICHARD,MCCRARY,RICHARD.MCCRARY@sakilacustomer.org,913 Coacalco de Berriozábal Loop,Arlington,United States,1
96,DIANA,ALEXANDER,DIANA.ALEXANDER@sakilacustomer.org,1308 Arecibo Way,Augusta-Richmond County,United States,1
330,SCOTT,SHELLEY,SCOTT.SHELLEY@sakilacustomer.org,587 Benguela Manor,Aurora,United States,1
537,CLINTON,BUFORD,CLINTON.BUFORD@sakilacustomer.org,43 Vilnius Manor,Aurora,United States,1
212,WILMA,RICHARDS,WILMA.RICHARDS@sakilacustomer.org,660 Jedda Boulevard,Bellevue,United States,1
149,VALERIE,BLACK,VALERIE.BLACK@sakilacustomer.org,782 Mosul Street,Brockton,United States,1
526,KARL,SEAL,KARL.SEAL@sakilacustomer.org,1427 Tabuk Place,Cape Coral,United States,1
14,BETTY,WHITE,BETTY.WHITE@sakilacustomer.org,770 Bydgoszcz Avenue,Citrus Heights,United States,1
140,EVA,RAMOS,EVA.RAMOS@sakilacustomer.org,1666 Beni-Mellal Place,Clarksville,United States,1
182,RENEE,LANE,RENEE.LANE@sakilacustomer.org,533 al-Ayn Boulevard,Compton,United States,1
400,BRYAN,HARDISON,BRYAN.HARDISON@sakilacustomer.org,530 Lausanne Lane,Dallas,United States,1
294,SHELLY,WATTS,SHELLY.WATTS@sakilacustomer.org,32 Pudukkottai Lane,Dayton,United States,1
420,JACOB,LANCE,JACOB.LANCE@sakilacustomer.org,1866 al-Qatif Avenue,El Monte,United States,1
51,ALICE,STEWART,ALICE.STEWART@sakilacustomer.org,1135 Izumisano Parkway,Fontana,United States,1
593,RENE,MCALISTER,RENE.MCALISTER@sakilacustomer.org,1895 Zhezqazghan Drive,Garden Grove,United States,1
561,IAN,STILL,IAN.STILL@sakilacustomer.org,1894 Boa Vista Way,Garland,United States,1
118,KIM,CRUZ,KIM.CRUZ@sakilacustomer.org,333 Goiânia Way,Grand Prairie,United States,1
158,VERONICA,STONE,VERONICA.STONE@sakilacustomer.org,369 Papeete Way,Greensboro,United States,1
504,NATHANIEL,ADAM,NATHANIEL.ADAM@sakilacustomer.org,786 Matsue Way,Joliet,United States,1
308,THOMAS,GRIGSBY,THOMAS.GRIGSBY@sakilacustomer.org,1191 Sungai Petani Boulevard,Kansas City,United States,1
112,ROSA,REYNOLDS,ROSA.REYNOLDS@sakilacustomer.org,793 Cam Ranh Avenue,Lancaster,United States,1
6,JENNIFER,DAVIS,JENNIFER.DAVIS@sakilacustomer.org,1795 Santiago de Compostela Way,Laredo,United States,1
63,ASHLEY,RICHARDSON,ASHLEY.RICHARDSON@sakilacustomer.org,1214 Hanoi Way,Lincoln,United States,1
382,VICTOR,BARKLEY,VICTOR.BARKLEY@sakilacustomer.org,401 Sucre Boulevard,Manchester,United States,1
181,ANA,BRADLEY,ANA.BRADLEY@sakilacustomer.org,682 Garden Grove Place,Memphis,United States,1
275,CAROLE,BARNETT,CAROLE.BARNETT@sakilacustomer.org,1980 Kamjanets-Podilskyi Street,Peoria,United States,1
291,TONI,HOLT,TONI.HOLT@sakilacustomer.org,1936 Cumaná Avenue,Roanoke,United States,1
457,BILL,GAVIN,BILL.GAVIN@sakilacustomer.org,1485 Bratislava Place,Rockford,United States,1
62,JOAN,COOPER,JOAN.COOPER@sakilacustomer.org,1717 Guadalajara Lane,Saint Louis,United States,1
269,CASSANDRA,WALTERS,CASSANDRA.WALTERS@sakilacustomer.org,920 Kumbakonam Loop,Salinas,United States,1
2,PATRICIA,JOHNSON,PATRICIA.JOHNSON@sakilacustomer.org,1121 Loja Avenue,San Bernardino,United States,1
146,JAMIE,RICE,JAMIE.RICE@sakilacustomer.org,879 Newcastle Way,Sterling Heights,United States,1
214,KRISTIN,JOHNSTON,KRISTIN.JOHNSTON@sakilacustomer.org,226 Brest Manor,Sunnyvale,United States,1
248,CAROLINE,BOWMAN,CAROLINE.BOWMAN@sakilacustomer.org,1309 Weifang Street,Tallahassee,United States,1
276,BRANDY,GRAVES,BRANDY.GRAVES@sakilacustomer.org,1944 Bamenda Way,Warren,United States,1
568,ALBERTO,HENNING,ALBERTO.HENNING@sakilacustomer.org,502 Mandi Bahauddin Parkway,Barcelona,Venezuela,1
111,CARMEN,OWENS,CARMEN.OWENS@sakilacustomer.org,1378 Alvorada Avenue,Caracas,Venezuela,1
113,CINDY,FISHER,CINDY.FISHER@sakilacustomer.org,1079 Tel Aviv-Jaffa Boulevard,Cumaná,Venezuela,1
453,CALVIN,MARTEL,CALVIN.MARTEL@sakilacustomer.org,138 Caracas Boulevard,Maracaíbo,Venezuela,1
174,YVONNE,WATKINS,YVONNE.WATKINS@sakilacustomer.org,1848 Salala Boulevard,Ocumare del Tuy,Venezuela,1
539,MATHEW,BOLIN,MATHEW.BOLIN@sakilacustomer.org,163 Augusta-Richmond County Loop,Valencia,Venezuela,1
290,KRISTINA,CHAMBERS,KRISTINA.CHAMBERS@sakilacustomer.org,544 Tarsus Boulevard,Valle de la Pascua,Venezuela,1
532,NEIL,RENNER,NEIL.RENNER@sakilacustomer.org,1817 Livorno Way,Cam Ranh,Vietnam,1
199,BETH,FRANKLIN,BETH.FRANKLIN@sakilacustomer.org,1149 A Coruña (La Coruña) Boulevard,Haiphong,Vietnam,1
340,PATRICK,NEWSOM,PATRICK.NEWSOM@sakilacustomer.org,68 Ponce Parkway,Hanoi,Vietnam,1
472,GREG,ROBINS,GREG.ROBINS@sakilacustomer.org,1786 Salinas Place,Nam Dinh,Vietnam,1
520,MITCHELL,WESTMORELAND,MITCHELL.WESTMORELAND@sakilacustomer.org,617 Klerksdorp Place,Nha Trang,Vietnam,1
523,HARVEY,GUAJARDO,HARVEY.GUAJARDO@sakilacustomer.org,600 Purnea (Purnia) Avenue,Vinh,Vietnam,1
406,NATHAN,RUNYON,NATHAN.RUNYON@sakilacustomer.org,264 Bhimavaram Manor,Charlotte Amalie,"Virgin Islands, U.S.",0
210,ELLA,OLIVER,ELLA.OLIVER@sakilacustomer.org,751 Lima Loop,Aden,Yemen,1
470,GORDON,ALLARD,GORDON.ALLARD@sakilacustomer.org,434 Ourense (Orense) Manor,Hodeida,Yemen,1
303,WILLIAM,SATTERFIELD,WILLIAM.SATTERFIELD@sakilacustomer.org,687 Alessandria Parkway,Sanaa,Yemen,1
213,GINA,WILLIAMSON,GINA.WILLIAMSON@sakilacustomer.org,1001 Miyakonojo Lane,Taizz,Yemen,1
7,MARIA,MILLER,MARIA.MILLER@sakilacustomer.org,900 Santiago de Compostela Parkway,Kragujevac,Yugoslavia,1
553,MAX,PITT,MAX.PITT@sakilacustomer.org,1917 Kumbakonam Parkway,Novi Sad,Yugoslavia,1
438,BARRY,LOVELACE,BARRY.LOVELACE@sakilacustomer.org,1836 Korla Parkway,Kitwe,Zambia,1
